<?xml version="1.0" encoding="UTF-8" ?>
<feedback>
  <report_metadata>
    <org_name>google.com</org_name>
    <email>noreply-dmarc-support@google.com</email>
    <extra_contact_info>https://support.google.com/a/answer/2466580</extra_contact_info>
    <report_id>11038226378739404135</report_id>
    <date_range>
      <begin>1718236800</begin>
      <end>1718323199</end>
    </date_range>
  </report_metadata>
  <policy_published>
    <domain>example.com</domain>
    <adkim>r</adkim>
    <aspf>r</aspf>
    <p>none</p>
    <sp>none</sp>
    <pct>100</pct>
    <np>none</np>
  </policy_published>
  <record>
    <row>
      <source_ip>209.85.220.69</source_ip>
      <count>1</count>
      <policy_evaluated>
        <disposition>none</disposition>
        <dkim>fail</dkim>
        <spf>pass</spf>
      </policy_evaluated>
    </row>
    <identifiers>
      <header_from>example.com</header_from>
    </identifiers>
    <auth_results>
      <spf>
        <domain>example.com</domain>
        <result>pass</result>
      </spf>
    </auth_results>
  </record>
  <record>
    <row>
      <source_ip>209.85.220.41</source_ip>
      <count>2</count>
      <policy_evaluated>
        <disposition>none</disposition>
        <dkim>pass</dkim>
        <spf>fail</spf>
      </policy_evaluated>
    </row>
    <identifiers>
      <header_from>example.com</header_from>
    </identifiers>
    <auth_results>
      <dkim>
        <domain>example.com</domain>
        <result>pass</result>
        <selector>awbr2rp4egb35wbg4umq4e5dcoe5kc4n</selector>
      </dkim>
      <dkim>
        <domain>amazonses.com</domain>
        <result>pass</result>
        <selector>ug7nbtf4gccmlpwj322ax3p6ow6yfsug</selector>
      </dkim>
      <spf>
        <domain>gmail.com</domain>
        <result>pass</result>
      </spf>
    </auth_results>
  </record>
  <record>
    <row>
      <source_ip>54.240.48.90</source_ip>
      <count>40</count>
      <policy_evaluated>
        <disposition>none</disposition>
        <dkim>pass</dkim>
        <spf>fail</spf>
      </policy_evaluated>
    </row>
    <identifiers>
      <header_from>example.com</header_from>
    </identifiers>
    <auth_results>
      <dkim>
        <domain>example.com</domain>
        <result>pass</result>
        <selector>awbr2rp4egb35wbg4umq4e5dcoe5kc4n</selector>
      </dkim>
      <dkim>
        <domain>amazonses.com</domain>
        <result>pass</result>
        <selector>ug7nbtf4gccmlpwj322ax3p6ow6yfsug</selector>
      </dkim>
      <spf>
        <domain>amazonses.com</domain>
        <result>pass</result>
      </spf>
    </auth_results>
  </record>
  <record>
    <row>
      <source_ip>54.240.8.31</source_ip>
      <count>40</count>
      <policy_evaluated>
        <disposition>none</disposition>
        <dkim>pass</dkim>
        <spf>fail</spf>
      </policy_evaluated>
    </row>
    <identifiers>
      <header_from>example.com</header_from>
    </identifiers>
    <auth_results>
      <dkim>
        <domain>example.com</domain>
        <result>pass</result>
        <selector>awbr2rp4egb35wbg4umq4e5dcoe5kc4n</selector>
      </dkim>
      <dkim>
        <domain>amazonses.com</domain>
        <result>pass</result>
        <selector>ug7nbtf4gccmlpwj322ax3p6ow6yfsug</selector>
      </dkim>
      <spf>
        <domain>amazonses.com</domain>
        <result>pass</result>
      </spf>
    </auth_results>
  </record>
  <record>
    <row>
      <source_ip>54.240.8.33</source_ip>
      <count>33</count>
      <policy_evaluated>
        <disposition>none</disposition>
        <dkim>pass</dkim>
        <spf>fail</spf>
      </policy_evaluated>
    </row>
    <identifiers>
      <header_from>example.com</header_from>
    </identifiers>
    <auth_results>
      <dkim>
        <domain>example.com</domain>
        <result>pass</result>
        <selector>awbr2rp4egb35wbg4umq4e5dcoe5kc4n</selector>
      </dkim>
      <dkim>
        <domain>amazonses.com</domain>
        <result>pass</result>
        <selector>ug7nbtf4gccmlpwj322ax3p6ow6yfsug</selector>
      </dkim>
      <spf>
        <domain>amazonses.com</domain>
        <result>pass</result>
      </spf>
    </auth_results>
  </record>
  <record>
    <row>
      <source_ip>54.240.48.92</source_ip>
      <count>40</count>
      <policy_evaluated>
        <disposition>none</disposition>
        <dkim>pass</dkim>
        <spf>fail</spf>
      </policy_evaluated>
    </row>
    <identifiers>
      <header_from>example.com</header_from>
    </identifiers>
    <auth_results>
      <dkim>
        <domain>example.com</domain>
        <result>pass</result>
        <selector>awbr2rp4egb35wbg4umq4e5dcoe5kc4n</selector>
      </dkim>
      <dkim>
        <domain>amazonses.com</domain>
        <result>pass</result>
        <selector>ug7nbtf4gccmlpwj322ax3p6ow6yfsug</selector>
      </dkim>
      <spf>
        <domain>amazonses.com</domain>
        <result>pass</result>
      </spf>
    </auth_results>
  </record>
  <record>
    <row>
      <source_ip>54.240.48.110</source_ip>
      <count>24</count>
      <policy_evaluated>
        <disposition>none</disposition>
        <dkim>pass</dkim>
        <spf>fail</spf>
      </policy_evaluated>
    </row>
    <identifiers>
      <header_from>example.com</header_from>
    </identifiers>
    <auth_results>
      <dkim>
        <domain>example.com</domain>
        <result>pass</result>
        <selector>awbr2rp4egb35wbg4umq4e5dcoe5kc4n</selector>
      </dkim>
      <dkim>
        <domain>amazonses.com</domain>
        <result>pass</result>
        <selector>ug7nbtf4gccmlpwj322ax3p6ow6yfsug</selector>
      </dkim>
      <spf>
        <domain>amazonses.com</domain>
        <result>pass</result>
      </spf>
    </auth_results>
  </record>
  <record>
    <row>
      <source_ip>209.85.220.41</source_ip>
      <count>12</count>
      <policy_evaluated>
        <disposition>none</disposition>
        <dkim>pass</dkim>
        <spf>fail</spf>
      </policy_evaluated>
    </row>
    <identifiers>
      <header_from>example.com</header_from>
    </identifiers>
    <auth_results>
      <dkim>
        <domain>example.com</domain>
        <result>pass</result>
        <selector>awbr2rp4egb35wbg4umq4e5dcoe5kc4n</selector>
      </dkim>
      <dkim>
        <domain>amazonses.com</domain>
        <result>pass</result>
        <selector>ug7nbtf4gccmlpwj322ax3p6ow6yfsug</selector>
      </dkim>
      <spf>
        <domain>connectivityu.com</domain>
        <result>pass</result>
      </spf>
    </auth_results>
  </record>
  <record>
    <row>
      <source_ip>2607:f8b0:4864:20::132</source_ip>
      <count>1</count>
      <policy_evaluated>
        <disposition>none</disposition>
        <dkim>pass</dkim>
        <spf>pass</spf>
      </policy_evaluated>
    </row>
    <identifiers>
      <header_from>example.com</header_from>
    </identifiers>
    <auth_results>
      <dkim>
        <domain>example.com</domain>
        <result>pass</result>
        <selector>google</selector>
      </dkim>
      <spf>
        <domain>example.com</domain>
        <result>pass</result>
      </spf>
    </auth_results>
  </record>
  <record>
    <row>
      <source_ip>54.240.8.83</source_ip>
      <count>36</count>
      <policy_evaluated>
        <disposition>none</disposition>
        <dkim>pass</dkim>
        <spf>fail</spf>
      </policy_evaluated>
    </row>
    <identifiers>
      <header_from>example.com</header_from>
    </identifiers>
    <auth_results>
      <dkim>
        <domain>example.com</domain>
        <result>pass</result>
        <selector>awbr2rp4egb35wbg4umq4e5dcoe5kc4n</selector>
      </dkim>
      <dkim>
        <domain>amazonses.com</domain>
        <result>pass</result>
        <selector>ug7nbtf4gccmlpwj322ax3p6ow6yfsug</selector>
      </dkim>
      <spf>
        <domain>amazonses.com</domain>
        <result>pass</result>
      </spf>
    </auth_results>
  </record>
  <record>
    <row>
      <source_ip>54.240.8.96</source_ip>
      <count>27</count>
      <policy_evaluated>
        <disposition>none</disposition>
        <dkim>pass</dkim>
        <spf>fail</spf>
      </policy_evaluated>
    </row>
    <identifiers>
      <header_from>example.com</header_from>
    </identifiers>
    <auth_results>
      <dkim>
        <domain>example.com</domain>
        <result>pass</result>
        <selector>awbr2rp4egb35wbg4umq4e5dcoe5kc4n</selector>
      </dkim>
      <dkim>
        <domain>amazonses.com</domain>
        <result>pass</result>
        <selector>ug7nbtf4gccmlpwj322ax3p6ow6yfsug</selector>
      </dkim>
      <spf>
        <domain>amazonses.com</domain>
        <result>pass</result>
      </spf>
    </auth_results>
  </record>
  <record>
    <row>
      <source_ip>54.240.48.95</source_ip>
      <count>25</count>
      <policy_evaluated>
        <disposition>none</disposition>
        <dkim>pass</dkim>
        <spf>fail</spf>
      </policy_evaluated>
    </row>
    <identifiers>
      <header_from>example.com</header_from>
    </identifiers>
    <auth_results>
      <dkim>
        <domain>example.com</domain>
        <result>pass</result>
        <selector>awbr2rp4egb35wbg4umq4e5dcoe5kc4n</selector>
      </dkim>
      <dkim>
        <domain>amazonses.com</domain>
        <result>pass</result>
        <selector>ug7nbtf4gccmlpwj322ax3p6ow6yfsug</selector>
      </dkim>
      <spf>
        <domain>amazonses.com</domain>
        <result>pass</result>
      </spf>
    </auth_results>
  </record>
  <record>
    <row>
      <source_ip>209.85.220.69</source_ip>
      <count>2252</count>
      <policy_evaluated>
        <disposition>none</disposition>
        <dkim>pass</dkim>
        <spf>pass</spf>
      </policy_evaluated>
    </row>
    <identifiers>
      <header_from>example.com</header_from>
    </identifiers>
    <auth_results>
      <dkim>
        <domain>example.com</domain>
        <result>pass</result>
        <selector>google</selector>
      </dkim>
      <spf>
        <domain>example.com</domain>
        <result>pass</result>
      </spf>
    </auth_results>
  </record>
  <record>
    <row>
      <source_ip>54.240.48.94</source_ip>
      <count>46</count>
      <policy_evaluated>
        <disposition>none</disposition>
        <dkim>pass</dkim>
        <spf>fail</spf>
      </policy_evaluated>
    </row>
    <identifiers>
      <header_from>example.com</header_from>
    </identifiers>
    <auth_results>
      <dkim>
        <domain>example.com</domain>
        <result>pass</result>
        <selector>awbr2rp4egb35wbg4umq4e5dcoe5kc4n</selector>
      </dkim>
      <dkim>
        <domain>amazonses.com</domain>
        <result>pass</result>
        <selector>ug7nbtf4gccmlpwj322ax3p6ow6yfsug</selector>
      </dkim>
      <spf>
        <domain>amazonses.com</domain>
        <result>pass</result>
      </spf>
    </auth_results>
  </record>
  <record>
    <row>
      <source_ip>54.240.8.88</source_ip>
      <count>37</count>
      <policy_evaluated>
        <disposition>none</disposition>
        <dkim>pass</dkim>
        <spf>fail</spf>
      </policy_evaluated>
    </row>
    <identifiers>
      <header_from>example.com</header_from>
    </identifiers>
    <auth_results>
      <dkim>
        <domain>example.com</domain>
        <result>pass</result>
        <selector>awbr2rp4egb35wbg4umq4e5dcoe5kc4n</selector>
      </dkim>
      <dkim>
        <domain>amazonses.com</domain>
        <result>pass</result>
        <selector>ug7nbtf4gccmlpwj322ax3p6ow6yfsug</selector>
      </dkim>
      <spf>
        <domain>amazonses.com</domain>
        <result>pass</result>
      </spf>
    </auth_results>
  </record>
  <record>
    <row>
      <source_ip>209.85.220.55</source_ip>
      <count>1</count>
      <policy_evaluated>
        <disposition>none</disposition>
        <dkim>pass</dkim>
        <spf>pass</spf>
      </policy_evaluated>
    </row>
    <identifiers>
      <header_from>example.com</header_from>
    </identifiers>
    <auth_results>
      <dkim>
        <domain>example.com</domain>
        <result>pass</result>
        <selector>google</selector>
      </dkim>
      <spf>
        <domain>example.com</domain>
        <result>pass</result>
      </spf>
    </auth_results>
  </record>
  <record>
    <row>
      <source_ip>54.240.48.93</source_ip>
      <count>24</count>
      <policy_evaluated>
        <disposition>none</disposition>
        <dkim>pass</dkim>
        <spf>fail</spf>
      </policy_evaluated>
    </row>
    <identifiers>
      <header_from>example.com</header_from>
    </identifiers>
    <auth_results>
      <dkim>
        <domain>example.com</domain>
        <result>pass</result>
        <selector>awbr2rp4egb35wbg4umq4e5dcoe5kc4n</selector>
      </dkim>
      <dkim>
        <domain>amazonses.com</domain>
        <result>pass</result>
        <selector>ug7nbtf4gccmlpwj322ax3p6ow6yfsug</selector>
      </dkim>
      <spf>
        <domain>amazonses.com</domain>
        <result>pass</result>
      </spf>
    </auth_results>
  </record>
  <record>
    <row>
      <source_ip>209.85.220.41</source_ip>
      <count>23</count>
      <policy_evaluated>
        <disposition>none</disposition>
        <dkim>pass</dkim>
        <spf>pass</spf>
      </policy_evaluated>
    </row>
    <identifiers>
      <header_from>example.com</header_from>
    </identifiers>
    <auth_results>
      <dkim>
        <domain>example.com</domain>
        <result>pass</result>
        <selector>awbr2rp4egb35wbg4umq4e5dcoe5kc4n</selector>
      </dkim>
      <dkim>
        <domain>amazonses.com</domain>
        <result>pass</result>
        <selector>ug7nbtf4gccmlpwj322ax3p6ow6yfsug</selector>
      </dkim>
      <spf>
        <domain>example.com</domain>
        <result>pass</result>
      </spf>
    </auth_results>
  </record>
  <record>
    <row>
      <source_ip>209.85.220.41</source_ip>
      <count>24</count>
      <policy_evaluated>
        <disposition>none</disposition>
        <dkim>pass</dkim>
        <spf>fail</spf>
      </policy_evaluated>
    </row>
    <identifiers>
      <header_from>example.com</header_from>
    </identifiers>
    <auth_results>
      <dkim>
        <domain>example.com</domain>
        <result>pass</result>
        <selector>awbr2rp4egb35wbg4umq4e5dcoe5kc4n</selector>
      </dkim>
      <dkim>
        <domain>amazonses.com</domain>
        <result>pass</result>
        <selector>ug7nbtf4gccmlpwj322ax3p6ow6yfsug</selector>
      </dkim>
      <spf>
        <domain>rphvac.com</domain>
        <result>none</result>
      </spf>
    </auth_results>
  </record>
  <record>
    <row>
      <source_ip>209.85.220.41</source_ip>
      <count>359</count>
      <policy_evaluated>
        <disposition>none</disposition>
        <dkim>pass</dkim>
        <spf>pass</spf>
      </policy_evaluated>
    </row>
    <identifiers>
      <header_from>example.com</header_from>
    </identifiers>
    <auth_results>
      <dkim>
        <domain>example.com</domain>
        <result>pass</result>
        <selector>google</selector>
      </dkim>
      <spf>
        <domain>example.com</domain>
        <result>pass</result>
      </spf>
    </auth_results>
  </record>
</feedback>
